{"train_losses": [2.0599628819359674, 1.4533704890145196, 0.8923448721567789, 0.5623812271489037, 0.2654093825154834, 0.10954308095905516, 0.5364654507901934, 0.3350917941994137, 0.27566026598215104, 0.17900373314817747, 0.06629569257299105, 0.0592799701107045, 0.04599979973087708, 0.04124758593841559, 0.03357222614188989, 0.039421312012968376, 0.0342197869800859, 0.028904911702395314, 0.024769170680600736, 0.019910741579304968, 0.029706102868335114, 0.02163926005208244, 0.01934823201607085, 0.02268810975365341, 0.021572366781118842, 0.015902200982802445, 0.018064805549026158, 0.022182660059317842, 0.017058717166461672, 0.0136582759668171, 0.017812736566217305, 0.020473986972744267, 0.015585696435624009, 0.015159676708733767, 0.018839855137533352, 0.014891734307133852, 0.017638690476693832, 0.014980463681179874, 0.015150533945982009, 0.013909194365098503, 0.012936915455308432, 0.015438714946827126, 0.015775233941611885, 0.011170612715068274, 0.011313756121995134, 0.0106977130266993, 0.014820109450051354, 0.01788796269247541, 0.00993027873644476, 0.00840081430805084, 0.005606939551621003, 0.01035744492053507, 0.012277907395117735, 0.012869619045866582, 0.013169926241163112, 0.0152061175055375, 0.014151484662498761, 0.012698368625327324, 0.010742203312879105, 0.008254498045425862, 0.014505138234946773, 0.004888724672946409, 0.009784037005132026, 0.015452319824018762, 0.00922224487662283, 0.01532695025234716, 0.010470763742796407, 0.006312416781383945, 0.009259869558122268, 0.008120038171768505, 0.010585040086395263, 0.008977387408958749, 0.013069733084295067, 0.008047202424235265, 0.00821036096926946, 0.009818503628614255, 0.008553077553955922, 0.00624218301567857, 0.00895520868349801, 0.013111752513678868, 0.0035690575784731965, 0.008435355033119171, 0.009154590822719102, 0.013101516662977196, 0.00989950094937942, 0.008690048951120844, 0.005990752542695392, 0.005070360969815131, 0.007174790596824702, 0.004689113431009496, 0.012155492488737865, 0.006251876452774418, 0.0050731900473086474, 0.008374951287381312, 0.008090366045426992, 0.008207838287739832, 0.007214677250805026, 0.008286800429252455, 0.0030487206713991732, 0.008228746654195776], "val_losses": [1.7097394757800632, 1.0076380650202432, 0.8099214851856231, 0.19813627220897212, 0.017895172256976365, 0.0014859459518144528, 0.48230875465604994, 0.23085982518063652, 0.08318922722505198, 0.005166225093934271, 0.001196159088673691, 0.00047428138398875795, 0.00022820248268544673, 0.00015586791463041057, 7.650643205528872e-05, 6.43207607532127e-05, 5.0006781788801565e-05, 4.1501758419649885e-05, 2.3171505260203653e-05, 1.7151510393078854e-05, 1.5715774740480507e-05, 8.944239218382993e-06, 1.177001120393268e-05, 7.173011302559947e-06, 5.291851448419038e-06, 2.775577356967713e-06, 3.079562399458761e-06, 3.507712123488697e-06, 2.803724318154208e-06, 1.9586691804660303e-06, 1.4606418365777548e-06, 1.6126339131814246e-06, 2.1047003024755717e-06, 1.5871366081733464e-06, 8.152583682709114e-07, 4.1657006401389176e-07, 3.8312527218901473e-07, 4.274974672726886e-07, 3.039835797204028e-07, 2.4239216019042136e-07, 2.258353011560151e-07, 2.331203000317651e-07, 1.6391273965786646e-07, 2.2517297490291336e-07, 2.4371659227047836e-07, 1.3245471816642547e-07, 4.371006746674134e-08, 5.082943175693799e-07, 9.404286755751753e-08, 5.496872132779471e-08, 2.914004579363589e-08, 5.76178133352793e-08, 5.9604634511995556e-08, 4.039869925994329e-08, 1.4901160108296255e-08, 2.6490951022929546e-08, 2.086162421082665e-08, 1.3245475689100456e-08, 1.6556844428805563e-08, 1.4238886316933177e-08, 1.589457079534087e-08, 0.0, 1.3245475570676667e-08, 1.3245475570676667e-08, 0.0, 1.4901159989872466e-08, 1.3576612407146311e-08, 6.622737913630772e-10, 3.311368956815386e-10, 3.311368956815386e-10, 0.0, 0.0, 0.0, 0.0, 0.0, 0.0, 0.0, 0.0, 0.0, 0.0, 0.0, 0.0, 0.0, 0.0, 0.0, 0.0, 0.0, 0.0, 0.0, 0.0, 0.0, 0.0, 0.0, 0.0, 0.0, 0.0, 0.0, 0.0, 0.0, 0.0], "train_accs": [0.2111111111111111, 0.4423611111111111, 0.6645833333333333, 0.8166666666666667, 0.9145833333333333, 0.9708333333333333, 0.8409722222222222, 0.8847222222222222, 0.9291666666666667, 0.9597222222222223, 0.9902777777777778, 0.9861111111111112, 0.9902777777777778, 0.9861111111111112, 0.9916666666666667, 0.9868055555555556, 0.9909722222222223, 0.9916666666666667, 0.9944444444444445, 0.9972222222222222, 0.9909722222222223, 0.99375, 0.9944444444444445, 0.9930555555555556, 0.99375, 0.9972222222222222, 0.9944444444444445, 0.9923611111111111, 0.9965277777777778, 0.9958333333333333, 0.9930555555555556, 0.99375, 0.9951388888888889, 0.9972222222222222, 0.99375, 0.9958333333333333, 0.9944444444444445, 0.9944444444444445, 0.9944444444444445, 0.9944444444444445, 0.9958333333333333, 0.9944444444444445, 0.9944444444444445, 0.9965277777777778, 0.9965277777777778, 0.9972222222222222, 0.9958333333333333, 0.9958333333333333, 0.9979166666666667, 0.9972222222222222, 0.9986111111111111, 0.9979166666666667, 0.9965277777777778, 0.9944444444444445, 0.9944444444444445, 0.9951388888888889, 0.9951388888888889, 0.9951388888888889, 0.9951388888888889, 0.9979166666666667, 0.9944444444444445, 0.9986111111111111, 0.9965277777777778, 0.9958333333333333, 0.9972222222222222, 0.9930555555555556, 0.9972222222222222, 0.9965277777777778, 0.9986111111111111, 0.9986111111111111, 0.9958333333333333, 0.9951388888888889, 0.9965277777777778, 0.9972222222222222, 0.9972222222222222, 0.9979166666666667, 0.9965277777777778, 0.9993055555555556, 0.9972222222222222, 0.9972222222222222, 0.9993055555555556, 0.9972222222222222, 0.9972222222222222, 0.9958333333333333, 0.9965277777777778, 0.9979166666666667, 0.9979166666666667, 0.9986111111111111, 0.9979166666666667, 0.9993055555555556, 0.9972222222222222, 0.9986111111111111, 1.0, 0.9979166666666667, 0.9979166666666667, 0.9979166666666667, 0.9972222222222222, 0.9972222222222222, 1.0, 0.9979166666666667], "val_accs": [0.3333333333333333, 0.6583333333333333, 0.8166666666666667, 0.8861111111111111, 1.0, 1.0, 0.8444444444444444, 0.9861111111111112, 0.9888888888888889, 1.0, 1.0, 1.0, 1.0, 1.0, 1.0, 1.0, 1.0, 1.0, 1.0, 1.0, 1.0, 1.0, 1.0, 1.0, 1.0, 1.0, 1.0, 1.0, 1.0, 1.0, 1.0, 1.0, 1.0, 1.0, 1.0, 1.0, 1.0, 1.0, 1.0, 1.0, 1.0, 1.0, 1.0, 1.0, 1.0, 1.0, 1.0, 1.0, 1.0, 1.0, 1.0, 1.0, 1.0, 1.0, 1.0, 1.0, 1.0, 1.0, 1.0, 1.0, 1.0, 1.0, 1.0, 1.0, 1.0, 1.0, 1.0, 1.0, 1.0, 1.0, 1.0, 1.0, 1.0, 1.0, 1.0, 1.0, 1.0, 1.0, 1.0, 1.0, 1.0, 1.0, 1.0, 1.0, 1.0, 1.0, 1.0, 1.0, 1.0, 1.0, 1.0, 1.0, 1.0, 1.0, 1.0, 1.0, 1.0, 1.0, 1.0, 1.0]}